service_id,aircraft_type,rated_payload_kg,safe_payload_kg,limiting_factor,reachable,outbound_distance_m,return_distance_m,cruise_altitude_out_m,cruise_altitude_back_m,energy_empty_rt_kwh,energy_rated_rt_kwh,energy_safe_payload_rt_kwh,energy_budget_kwh,return_soc_at_safe_payload,bisection_lower_kg,bisection_upper_kg,bisection_energy_lower_kwh,bisection_energy_upper_kwh,reserve_ratio,validation_status
S001,A,25.0,25.0,RATED_PAYLOAD_LIMITED,True,3053.9887026416195,3053.9887026416195,273.0566101074219,273.0566101074219,1.1615179500888662,1.312696104907102,1.312696104907102,3.6,0.7082897544650885,,,,,0.2,PASS
S001,B,30.0,30.0,RATED_PAYLOAD_LIMITED,True,3053.9887026416195,3053.9887026416195,273.0566101074219,273.0566101074219,0.9302157880970683,1.2739272592193345,1.2739272592193345,3.2,0.6815181851951664,,,,,0.2,PASS
S001,C,80.0,80.0,RATED_PAYLOAD_LIMITED,True,3053.9887026416195,3053.9887026416195,273.0566101074219,273.0566101074219,1.9413709917060453,3.0816703507897163,3.0816703507897163,6.4,0.6147912061512855,,,,,0.2,PASS
S002,A,25.0,25.0,RATED_PAYLOAD_LIMITED,True,7411.3077087600395,7411.3077087600395,308.9542541503906,308.9542541503906,2.7397652394687957,3.090418154953506,3.090418154953506,3.6,0.313240410010332,,,,,0.2,PASS
S002,B,30.0,30.0,RATED_PAYLOAD_LIMITED,True,7411.3077087600395,7411.3077087600395,308.9542541503906,308.9542541503906,2.184089919366965,2.9987314847570086,2.9987314847570086,3.2,0.25031712881074786,,,,,0.2,PASS
S002,C,80.0,68.8604736328125,ENERGY_LIMITED,True,7411.3077087600395,7411.3077087600395,308.9542541503906,308.9542541503906,4.632396787504206,7.347727240907693,6.399965781923349,6.4,0.20000427725958136,68.8604736328125,68.861083984375,6.399965781923349,6.400006328946414,0.2,PASS
S003,A,25.0,25.0,RATED_PAYLOAD_LIMITED,True,7263.327717049588,7263.327717049588,561.8041381835938,561.8041381835938,2.7889060418494793,3.156815852260211,3.156815852260211,3.6,0.29848536616439747,,,,,0.2,PASS
S003,B,30.0,30.0,RATED_PAYLOAD_LIMITED,True,7263.327717049588,7263.327717049588,561.8041381835938,561.8041381835938,2.236908264032108,3.0643940237739073,3.0643940237739073,3.2,0.23390149405652316,,,,,0.2,PASS
S003,C,80.0,68.20556640625,ENERGY_LIMITED,True,7263.327717049588,7263.327717049588,561.8041381835938,561.8041381835938,4.643599471475303,7.382340084783074,6.399967784516985,6.4,0.2000040269353769,68.20556640625,68.2061767578125,6.399967784516985,6.400007099606556,0.2,PASS
S004,A,25.0,25.0,RATED_PAYLOAD_LIMITED,True,7714.729254942358,7714.729254942358,398.2391662597656,398.2391662597656,2.89395885075,3.266710815706215,3.266710815706215,3.6,0.27406426317639676,,,,,0.2,PASS
S004,B,30.0,30.0,RATED_PAYLOAD_LIMITED,True,7714.729254942358,7714.729254942358,398.2391662597656,398.2391662597656,2.312532083313514,3.169817195952195,3.169817195952195,3.2,0.20754570101195124,,,,,0.2,PASS
S004,C,80.0,63.697509765625,ENERGY_LIMITED,True,7714.729254942358,7714.729254942358,398.2391662597656,398.2391662597656,4.86401536243565,7.715290626537506,6.3999960383244785,6.4,0.2000004952094402,63.697509765625,63.6981201171875,6.3999960383244785,6.40003090116407,0.2,PASS
S005,A,25.0,25.0,RATED_PAYLOAD_LIMITED,True,5280.641689396255,5280.641689396255,326.410888671875,326.410888671875,1.988460487713966,2.244884581101709,2.244884581101709,3.6,0.5011367597551758,,,,,0.2,PASS
S005,B,30.0,30.0,RATED_PAYLOAD_LIMITED,True,5280.641689396255,5280.641689396255,326.410888671875,326.410888671875,1.5899392851065786,2.178276584094071,2.178276584094071,3.2,0.4554308539764822,,,,,0.2,PASS
S005,C,80.0,80.0,RATED_PAYLOAD_LIMITED,True,5280.641689396255,5280.641689396255,326.410888671875,326.410888671875,3.3369302352879213,5.292689896279935,5.292689896279935,6.4,0.33841376296500814,,,,,0.2,PASS
S006,A,25.0,25.0,RATED_PAYLOAD_LIMITED,True,3186.250613253772,3186.250613253772,366.09783935546875,366.09783935546875,1.2237732489095303,1.389703563652124,1.389703563652124,3.6,0.6911769858550836,,,,,0.2,PASS
S006,B,30.0,30.0,RATED_PAYLOAD_LIMITED,True,3186.250613253772,3186.250613253772,366.09783935546875,366.09783935546875,0.981600129915095,1.3500429687676934,1.3500429687676934,3.2,0.6624892578080767,,,,,0.2,PASS
S006,C,80.0,80.0,RATED_PAYLOAD_LIMITED,True,3186.250613253772,3186.250613253772,366.09783935546875,366.09783935546875,2.037383031968428,3.2533222222606155,3.2533222222606155,6.4,0.593334722217423,,,,,0.2,PASS
S007,A,25.0,25.0,RATED_PAYLOAD_LIMITED,True,4534.527995612143,4534.527995612143,511.9731750488281,511.9731750488281,1.7774952682710516,2.0178957924649232,2.0178957924649232,3.6,0.5515787127855727,,,,,0.2,PASS
S007,B,30.0,30.0,RATED_PAYLOAD_LIMITED,True,4534.527995612143,4534.527995612143,511.9731750488281,511.9731750488281,1.4302828178933868,1.959741220407135,1.959741220407135,3.2,0.5100646948982163,,,,,0.2,PASS
S007,C,80.0,80.0,RATED_PAYLOAD_LIMITED,True,4534.527995612143,4534.527995612143,511.9731750488281,511.9731750488281,2.9353367203957283,4.679425646924123,4.679425646924123,6.4,0.4150717941344846,,,,,0.2,PASS
S008,A,25.0,25.0,RATED_PAYLOAD_LIMITED,True,8079.114648723534,8079.114648723534,372.9093322753906,372.9093322753906,3.000438694130821,3.3871921605992137,3.3871921605992137,3.6,0.24729063097795256,,,,,0.2,PASS
S008,B,30.0,28.8006591796875,ENERGY_LIMITED,True,8079.114648723534,8079.114648723534,372.9093322753906,372.9093322753906,2.393707504469191,3.2871588998491417,3.19995325884421,3.2,0.20001168528894753,28.8006591796875,28.80157470703125,3.19995325884421,3.200016385339657,0.2,PASS
S008,C,80.0,58.90380859375,ENERGY_LIMITED,True,8079.114648723534,8079.114648723534,372.9093322753906,372.9093322753906,5.063588913599592,8.038002498988146,6.399985237854267,6.4,0.20000184526821663,58.90380859375,58.9044189453125,6.399985237854267,6.400015998301131,0.2,PASS
S009,A,25.0,25.0,RATED_PAYLOAD_LIMITED,True,5705.148819569368,5705.148819569368,293.2289123535156,293.2289123535156,2.1144378167565563,2.3868261890647586,2.3868261890647586,3.6,0.4695941802078314,,,,,0.2,PASS
S009,B,30.0,30.0,RATED_PAYLOAD_LIMITED,True,5705.148819569368,5705.148819569368,293.2289123535156,293.2289123535156,1.686299315752004,2.3163532712189623,2.3163532712189623,3.2,0.42091168219525943,,,,,0.2,PASS
S009,C,80.0,80.0,RATED_PAYLOAD_LIMITED,True,5705.148819569368,5705.148819569368,293.2289123535156,293.2289123535156,3.571358504837541,5.669462006564036,5.669462006564036,6.4,0.29131724917949553,,,,,0.2,PASS
S010,A,25.0,25.0,RATED_PAYLOAD_LIMITED,True,4784.4748762577,4784.4748762577,435.63653564453125,435.63653564453125,1.8262211369222867,2.0706489128669854,2.0706489128669854,3.6,0.5398557971406699,,,,,0.2,PASS
S010,B,30.0,30.0,RATED_PAYLOAD_LIMITED,True,4784.4748762577,4784.4748762577,435.63653564453125,435.63653564453125,1.4633879902953209,2.0109619862815116,2.0109619862815116,3.2,0.4972595034296221,,,,,0.2,PASS
S010,C,80.0,80.0,RATED_PAYLOAD_LIMITED,True,4784.4748762577,4784.4748762577,435.63653564453125,435.63653564453125,3.0479541127534726,4.858662415328933,4.858662415328933,6.4,0.3926671980838834,,,,,0.2,PASS
S011,A,25.0,25.0,RATED_PAYLOAD_LIMITED,True,2808.0980667554068,2808.0980667554068,295.36175537109375,295.36175537109375,1.0773699079144277,1.219592732890932,1.219592732890932,3.6,0.7289793926909041,,,,,0.2,PASS
S011,B,30.0,30.0,RATED_PAYLOAD_LIMITED,True,2808.0980667554068,2808.0980667554068,295.36175537109375,295.36175537109375,0.8640215798209916,1.1839193241975126,1.1839193241975126,3.2,0.7040201689506218,,,,,0.2,PASS
S011,C,80.0,80.0,RATED_PAYLOAD_LIMITED,True,2808.0980667554068,2808.0980667554068,295.36175537109375,295.36175537109375,1.7944200175066358,2.85320213926933,2.85320213926933,6.4,0.6433497325913338,,,,,0.2,PASS
S012,A,25.0,25.0,RATED_PAYLOAD_LIMITED,True,7390.4482261717885,7390.4482261717885,413.3009948730469,413.3009948730469,2.7715563679581274,3.1311403208940733,3.1311403208940733,3.6,0.304191039801317,,,,,0.2,PASS
S012,B,30.0,30.0,RATED_PAYLOAD_LIMITED,True,7390.4482261717885,7390.4482261717885,413.3009948730469,413.3009948730469,2.2146234278327745,3.0388737056610386,3.0388737056610386,3.2,0.24028157358474034,,,,,0.2,PASS
S012,C,80.0,68.1182861328125,ENERGY_LIMITED,True,7390.4482261717885,7390.4482261717885,413.3009948730469,413.3009948730469,4.658804581423871,7.398230100773365,6.399971173049218,6.4,0.2000036033688477,68.1182861328125,68.118896484375,6.399971173049218,6.400010681022566,0.2,PASS
S013,A,25.0,25.0,RATED_PAYLOAD_LIMITED,True,4849.227041161927,4849.227041161927,399.18182373046875,399.18182373046875,1.8301960942843802,2.074089621579244,2.074089621579244,3.6,0.5390911952046125,,,,,0.2,PASS
S013,B,30.0,30.0,RATED_PAYLOAD_LIMITED,True,4849.227041161927,4849.227041161927,399.18182373046875,399.18182373046875,1.4639339169790595,2.0143079296346444,2.0143079296346444,3.2,0.4964230175913389,,,,,0.2,PASS
S013,C,80.0,80.0,RATED_PAYLOAD_LIMITED,True,4849.227041161927,4849.227041161927,399.18182373046875,399.18182373046875,3.0684933994478154,4.891412161486293,4.891412161486293,6.4,0.3885734798142134,,,,,0.2,PASS
S014,A,25.0,25.0,RATED_PAYLOAD_LIMITED,True,5419.570194994185,5419.570194994185,591.9473876953125,591.9473876953125,2.1378091143668545,2.425600957984786,2.425600957984786,3.6,0.4609775648922698,,,,,0.2,PASS
S014,B,30.0,30.0,RATED_PAYLOAD_LIMITED,True,5419.570194994185,5419.570194994185,591.9473876953125,591.9473876953125,1.7218721967266473,2.355233853716427,2.355233853716427,3.2,0.41119153657089325,,,,,0.2,PASS
S014,C,80.0,80.0,RATED_PAYLOAD_LIMITED,True,5419.570194994185,5419.570194994185,591.9473876953125,591.9473876953125,3.5216171586736995,5.607619686836497,5.607619686836497,6.4,0.2990475391454379,,,,,0.2,PASS
S015,A,25.0,25.0,RATED_PAYLOAD_LIMITED,True,6009.4725710713465,6009.4725710713465,571.7992553710938,571.7992553710938,2.30679415312268,2.6192258775659223,2.6192258775659223,3.6,0.4179498049853506,,,,,0.2,PASS
S015,B,30.0,30.0,RATED_PAYLOAD_LIMITED,True,6009.4725710713465,6009.4725710713465,571.7992553710938,571.7992553710938,1.8501344744475943,2.5444130861278484,2.5444130861278484,3.2,0.3638967284680379,,,,,0.2,PASS
S015,C,80.0,80.0,RATED_PAYLOAD_LIMITED,True,6009.4725710713465,6009.4725710713465,571.7992553710938,571.7992553710938,3.8413161600250785,6.132980191983511,6.132980191983511,6.4,0.23337747600206116,,,,,0.2,PASS
