transport_sortie_id,phase_index,phase,start_s,end_s,mode,relay_sortie_id,minimum_certified_margin_db
Q3-T001,0,climb,360.0,408.45220336914065,DIRECT,,29.895716894501703
Q3-T001,1,cruise,408.45220336914065,662.951261922609,DIRECT,,2.1546600046995934
Q3-T001,2,descent,662.951261922609,698.5739059655778,DIRECT,,2.1546600046995934
Q3-T001,3,service,698.5739059655778,878.5739059655778,DIRECT,,2.161357484438952
Q3-T001,4,climb,878.5739059655778,960.9337997644059,DIRECT,,2.1247384806462577
Q3-T001,5,cruise,960.9337997644059,1270.0894649948932,RELAY,Q3-R002,4.544465872025597
Q3-T001,6,descent,1270.0894649948932,1301.881337553487,RELAY,Q3-R002,12.478685734830847
Q3-T001,7,service,1301.881337553487,1481.881337553487,RELAY,Q3-R002,12.478685734830847
Q3-T001,8,climb,1481.881337553487,1509.8935161016639,RELAY,Q3-R002,12.478685734830847
Q3-T001,9,cruise,1509.8935161016639,1908.5997557898056,RELAY,Q3-R002,2.4177001541214906
Q3-T001,10,descent,1908.5997557898056,2031.774370047618,DIRECT,,22.673113520866863
Q3-T003,0,climb,390.0,485.20033162434896,DIRECT,,23.374429957205948
Q3-T003,1,cruise,485.20033162434896,689.479632195666,DIRECT,,2.0999962802208643
Q3-T003,1,cruise,689.479632195666,977.8968800358016,RELAY,Q3-R002,3.740583047339584
Q3-T003,2,descent,977.8968800358016,1031.2972779850204,RELAY,Q3-R002,3.728452101253424
Q3-T003,3,service,1031.2972779850204,1271.2972779850204,RELAY,Q3-R002,3.814900855782369
Q3-T003,4,climb,1271.2972779850204,1315.7976096093694,RELAY,Q3-R002,3.728452101253424
Q3-T003,5,cruise,1315.7976096093694,1808.494158020822,RELAY,Q3-R002,2.4168858578606205
Q3-T003,6,descent,1808.494158020822,1922.7345559700407,DIRECT,,23.374429957205948
Q3-T004,0,climb,390.0,544.7491292317709,DIRECT,,18.90665645477702
Q3-T004,1,cruise,544.7491292317709,689.479632195666,DIRECT,,4.948130002328938
Q3-T004,1,cruise,689.479632195666,906.05380889805,RELAY,Q3-R002,7.1795935100591635
Q3-T004,2,descent,906.05380889805,1002.432763976175,RELAY,Q3-R002,1.095414150670777
Q3-T004,3,service,1002.432763976175,1242.432763976175,RELAY,Q3-R002,1.095414150670777
Q3-T004,4,climb,1242.432763976175,1322.7485598746125,RELAY,Q3-R002,1.095414150670777
Q3-T004,5,cruise,1322.7485598746125,1684.0532395408916,RELAY,Q3-R002,2.417908985959187
Q3-T004,6,descent,1684.0532395408916,1869.7521946190166,DIRECT,,18.90665645477702
Q3-T006,0,climb,510.0,568.1426440429688,DIRECT,,29.895716894501703
Q3-T006,1,cruise,568.1426440429688,771.7418908857434,DIRECT,,2.1546600046995934
Q3-T006,2,descent,771.7418908857434,816.2701959394543,DIRECT,,2.1546600046995934
Q3-T006,3,service,816.2701959394543,1248.2701959394544,DIRECT,,2.161357484438952
Q3-T006,4,climb,1248.2701959394544,1283.892839982423,DIRECT,,2.1546600046995934
Q3-T006,5,cruise,1283.892839982423,1487.4920868251977,DIRECT,,2.1546600046995934
Q3-T006,6,descent,1487.4920868251977,1560.1703918789087,DIRECT,,29.895716894501703
Q3-T014,0,climb,360.0,408.45220336914065,DIRECT,,29.895716894501703
Q3-T014,1,cruise,408.45220336914065,662.951261922609,DIRECT,,2.1546600046995934
Q3-T014,2,descent,662.951261922609,698.5739059655778,DIRECT,,2.1546600046995934
Q3-T014,3,service,698.5739059655778,878.5739059655778,DIRECT,,2.161357484438952
Q3-T014,4,climb,878.5739059655778,960.9337997644059,DIRECT,,2.1247384806462577
Q3-T014,5,cruise,960.9337997644059,1270.0894649948932,RELAY,Q3-R002,4.544465872025597
Q3-T014,6,descent,1270.0894649948932,1301.881337553487,RELAY,Q3-R002,12.478685734830847
Q3-T014,7,service,1301.881337553487,1481.881337553487,RELAY,Q3-R002,12.478685734830847
Q3-T014,8,climb,1481.881337553487,1509.8935161016639,RELAY,Q3-R002,12.478685734830847
Q3-T014,9,cruise,1509.8935161016639,1908.5997557898056,RELAY,Q3-R002,2.4177001541214906
Q3-T014,10,descent,1908.5997557898056,2031.774370047618,DIRECT,,22.673113520866863
Q3-T007,0,climb,330.001,458.0920583496094,DIRECT,,20.630567787299057
Q3-T007,1,cruise,458.0920583496094,689.479632195666,DIRECT,,2.914621474043045
Q3-T007,1,cruise,689.479632195666,835.969391317288,RELAY,Q3-R001,8.051495204032435
Q3-T007,2,descent,835.969391317288,901.3586613368193,RELAY,Q3-R001,1.7744714591285629
Q3-T007,3,service,901.3586613368193,1081.3586613368193,RELAY,Q3-R001,1.7744714591285629
Q3-T007,4,climb,1081.3586613368193,1135.8497196864287,RELAY,Q3-R001,1.7744714591285629
Q3-T007,5,cruise,1135.8497196864287,1260.0541442529018,RELAY,Q3-R001,8.788544904548047
Q3-T007,5,cruise,1260.0541442529018,1513.7270526541072,DIRECT,,2.128328211706517
Q3-T007,6,descent,1513.7270526541072,1667.4363226736384,DIRECT,,20.630567787299057
Q3-T008,0,climb,360.001,488.0920583496094,DIRECT,,20.630567787299057
Q3-T008,1,cruise,488.0920583496094,689.479632195666,DIRECT,,4.097272713150076
Q3-T008,1,cruise,689.479632195666,865.969391317288,RELAY,Q3-R001,7.090943706959919
Q3-T008,2,descent,865.969391317288,931.3586613368193,RELAY,Q3-R001,1.7744714591285629
Q3-T008,3,service,931.3586613368193,1141.3586613368193,RELAY,Q3-R001,1.7744714591285629
Q3-T008,4,climb,1141.3586613368193,1195.8497196864287,RELAY,Q3-R001,1.7744714591285629
Q3-T008,5,cruise,1195.8497196864287,1260.0541442529018,RELAY,Q3-R001,0.7162104911907647
Q3-T008,5,cruise,1260.0541442529018,1573.7270526541072,DIRECT,,0.3056046157552572
Q3-T008,6,descent,1573.7270526541072,1727.4363226736384,DIRECT,,20.630567787299057
Q3-T009,0,climb,2040.171,2135.5301357421877,DIRECT,,25.073987177061753
Q3-T009,1,cruise,2135.5301357421877,2347.946843292439,DIRECT,,1.7733656312176436
Q3-T009,2,descent,2347.946843292439,2373.5957629701734,DIRECT,,1.7733656312176436
Q3-T009,3,service,2373.5957629701734,2769.5957629701734,DIRECT,,1.7817937337589171
Q3-T009,4,climb,2769.5957629701734,2790.114898712361,DIRECT,,1.7733656312176436
Q3-T009,5,cruise,2790.114898712361,3002.5316062626125,DIRECT,,1.7733656312176436
Q3-T009,6,descent,3002.5316062626125,3121.730525940347,DIRECT,,25.073987177061753
Q3-T015,0,climb,2160.0,2208.4522033691405,DIRECT,,29.895716894501703
Q3-T015,1,cruise,2208.4522033691405,2462.951261922609,DIRECT,,2.1546600046995934
Q3-T015,2,descent,2462.951261922609,2498.5739059655775,DIRECT,,2.1546600046995934
Q3-T015,3,service,2498.5739059655775,2678.5739059655775,DIRECT,,2.161357484438952
Q3-T015,4,climb,2678.5739059655775,2760.9337997644056,DIRECT,,2.1247384806462577
Q3-T015,5,cruise,2760.9337997644056,2823.1284043063106,DIRECT,,1.8926038664885851
Q3-T015,5,cruise,2823.1284043063106,3070.0894649948928,RELAY,Q3-R002,6.512013160094824
Q3-T015,6,descent,3070.0894649948928,3101.8813375534864,RELAY,Q3-R002,12.478685734830847
Q3-T015,7,service,3101.8813375534864,3281.8813375534864,RELAY,Q3-R002,12.478685734830847
Q3-T015,8,climb,3281.8813375534864,3309.8935161016634,RELAY,Q3-R002,12.478685734830847
Q3-T015,9,cruise,3309.8935161016634,3393.8858831974967,RELAY,Q3-R002,6.515254436855159
Q3-T015,9,cruise,3393.8858831974967,3708.599755789805,DIRECT,,0.29212297724942005
Q3-T015,10,descent,3708.599755789805,3831.7743700476176,DIRECT,,22.673113520866863
Q3-T005,0,climb,2287.0,2359.5017016601564,DIRECT,,27.708590776887306
Q3-T005,1,cruise,2359.5017016601564,2853.588882244159,RELAY,Q3-R002,0.34229865025154993
Q3-T005,2,descent,2853.588882244159,2898.316009319354,RELAY,Q3-R003,8.950517356975595
Q3-T005,3,service,2898.316009319354,3258.316009319354,RELAY,Q3-R003,9.036983652347416
Q3-T005,4,climb,3258.316009319354,3294.0977109795103,RELAY,Q3-R003,8.950517356975595
Q3-T005,5,cruise,3294.0977109795103,3393.8858831974967,RELAY,Q3-R002,0.34229865025154993
Q3-T005,5,cruise,3393.8858831974967,3591.0353873805047,RELAY,Q3-R003,3.9942631439437974
Q3-T005,5,cruise,3591.0353873805047,3788.184891563513,DIRECT,,2.428494968264374
Q3-T005,6,descent,3788.184891563513,3878.812018638708,DIRECT,,27.708590776887306
Q3-T010,0,climb,2270.0,2330.418084716797,DIRECT,,27.708590776887306
Q3-T010,1,cruise,2330.418084716797,2824.5052653007992,RELAY,Q3-R002,0.34229865025154993
Q3-T010,2,descent,2824.5052653007992,2860.2869669609554,RELAY,Q3-R003,8.950517356975595
Q3-T010,3,service,2860.2869669609554,3100.2869669609554,RELAY,Q3-R003,9.036983652347416
Q3-T010,4,climb,3100.2869669609554,3130.1050516777523,RELAY,Q3-R003,8.950517356975595
Q3-T010,5,cruise,3130.1050516777523,3393.8858831974967,RELAY,Q3-R002,0.34229865025154993
Q3-T010,5,cruise,3393.8858831974967,3624.1922322617547,DIRECT,,1.081757533641678
Q3-T010,6,descent,3624.1922322617547,3696.693933921911,DIRECT,,27.708590776887306
Q3-T011,0,climb,2312.7349999999997,2403.2289412434893,DIRECT,,23.848873704846397
Q3-T011,1,cruise,2403.2289412434893,2726.510743987618,RELAY,Q3-R002,2.416270019497034
Q3-T011,2,descent,2726.510743987618,2745.5034734798055,RELAY,Q3-R002,2.727164039616909
Q3-T011,3,service,2745.5034734798055,2985.5034734798055,RELAY,Q3-R002,2.727164039616909
Q3-T011,4,climb,2985.5034734798055,3001.3307480566286,RELAY,Q3-R002,2.727164039616909
Q3-T011,5,cruise,3001.3307480566286,3324.612550800757,RELAY,Q3-R002,2.416270019497034
Q3-T011,6,descent,3324.612550800757,3433.2052802929447,DIRECT,,23.848873704846397
Q3-T002,0,climb,2392.0,2440.4522033691405,DIRECT,,29.895716894501703
Q3-T002,1,cruise,2440.4522033691405,2694.951261922609,DIRECT,,2.1546600046995934
Q3-T002,2,descent,2694.951261922609,2730.5739059655775,DIRECT,,2.1546600046995934
Q3-T002,3,service,2730.5739059655775,2940.5739059655775,DIRECT,,2.161357484438952
Q3-T002,4,climb,2940.5739059655775,2970.2594426680516,DIRECT,,2.1546600046995934
Q3-T002,5,cruise,2970.2594426680516,3224.75850122152,DIRECT,,2.1546600046995934
Q3-T002,6,descent,3224.75850122152,3282.9011452644886,DIRECT,,29.895716894501703
Q3-T016,0,climb,3664.0,3772.215666503906,DIRECT,,23.881491884525232
Q3-T016,1,cruise,3772.215666503906,3900.794487419612,DIRECT,,6.081416329590269
Q3-T016,1,cruise,3900.794487419612,4286.53095016673,RELAY,Q3-R003,2.377246842316495
Q3-T016,2,descent,4286.53095016673,4371.500533296613,RELAY,Q3-R003,5.136811832852899
Q3-T016,3,service,4371.500533296613,4767.500533296613,RELAY,Q3-R003,5.136811832852899
Q3-T016,4,climb,4767.500533296613,4833.476329550912,RELAY,Q3-R003,5.136811832852899
Q3-T016,4,climb,4833.476329550912,4835.476199800519,RELAY,Q3-R004,0.8568440782268993
Q3-T016,5,cruise,4835.476199800519,5349.791483463343,RELAY,Q3-R004,0.8573274023045343
Q3-T016,6,descent,5349.791483463343,5485.061066593225,DIRECT,,23.881491884525232
Q3-T020,0,climb,4419.0,4486.064702148437,DIRECT,,28.473404766567683
Q3-T020,1,cruise,4486.064702148437,4673.271239932131,DIRECT,,2.8790795735705785
Q3-T020,2,descent,4673.271239932131,4714.9021176176775,DIRECT,,2.8790795735705785
Q3-T020,3,service,4714.9021176176775,5002.9021176176775,DIRECT,,2.8887880767927925
Q3-T020,4,climb,5002.9021176176775,5083.228719180178,DIRECT,,2.852503443894676
Q3-T020,5,cruise,5083.228719180178,5438.380611750617,RELAY,Q3-R004,3.072289755619522
Q3-T020,6,descent,5438.380611750617,5509.388863703743,RELAY,Q3-R004,3.046009950868978
Q3-T020,7,service,5509.388863703743,5869.388863703743,RELAY,Q3-R004,3.1324570975263413
Q3-T020,8,climb,5869.388863703743,5910.192596613899,RELAY,Q3-R004,3.046009950868978
Q3-T020,9,cruise,5910.192596613899,6448.800239862135,RELAY,Q3-R004,1.904953898505454
Q3-T020,10,descent,6448.800239862135,6571.40490599983,DIRECT,,24.807238177505724
Q3-T019,0,climb,4272.0,4327.176304117838,DIRECT,,28.59977109885726
Q3-T019,1,cruise,4327.176304117838,4517.347931436818,DIRECT,,2.7431452544848582
Q3-T019,1,cruise,4517.347931436818,4707.519558755796,RELAY,Q3-R003,3.672403956231136
Q3-T019,2,descent,4707.519558755796,4732.811123697203,RELAY,Q3-R003,8.749665209879751
Q3-T019,3,service,4732.811123697203,4833.476329550912,RELAY,Q3-R003,8.836130617883327
Q3-T019,3,service,4833.476329550912,4972.811123697203,RELAY,Q3-R004,0.602440380754615
Q3-T019,4,climb,4972.811123697203,4993.8874278150415,RELAY,Q3-R004,0.5159982048143377
Q3-T019,5,cruise,4993.8874278150415,5374.230682453,RELAY,Q3-R004,0.5238082512792346
Q3-T019,6,descent,5374.230682453,5440.442247394406,DIRECT,,28.59977109885726
Q3-T018,0,climb,4430.0,4558.09105834961,DIRECT,,20.630567787299057
Q3-T018,1,cruise,4558.09105834961,4833.476329550912,DIRECT,,1.4243183985899037
Q3-T018,1,cruise,4833.476329550912,4935.9683913172885,RELAY,Q3-R004,1.2827406905150696
Q3-T018,2,descent,4935.9683913172885,5001.35766133682,RELAY,Q3-R004,1.667687802936456
Q3-T018,3,service,5001.35766133682,5181.35766133682,RELAY,Q3-R004,1.667687802936456
Q3-T018,4,climb,5181.35766133682,5235.848719686429,RELAY,Q3-R004,1.667687802936456
Q3-T018,5,cruise,5235.848719686429,5613.726052654108,RELAY,Q3-R004,1.9198217278885181
Q3-T018,6,descent,5613.726052654108,5767.435322673639,DIRECT,,20.630567787299057
Q3-T017,0,climb,4554.0,4698.701379394532,DIRECT,,19.516948608572065
Q3-T017,1,cruise,4698.701379394532,4900.0,DIRECT,,2.1793798138068325
Q3-T017,1,cruise,4900.0,5182.923227197837,RELAY,Q3-R004,6.014527836632993
Q3-T017,2,descent,5182.923227197837,5272.244882471275,RELAY,Q3-R004,5.955089759757172
Q3-T017,3,service,5272.244882471275,5512.244882471275,RELAY,Q3-R004,6.041544732119448
Q3-T017,4,climb,5512.244882471275,5586.679595199139,RELAY,Q3-R004,5.955089759757172
Q3-T017,5,cruise,5586.679595199139,6070.9014430024445,RELAY,Q3-R004,1.923509777539266
Q3-T017,6,descent,6070.9014430024445,6244.543098275882,DIRECT,,19.516948608572065
Q3-T021,0,climb,5831.0,5979.033085123698,DIRECT,,19.309794713723775
Q3-T021,1,cruise,5979.033085123698,6379.664589861787,RELAY,Q3-R004,1.9241449636436414
Q3-T021,2,descent,6379.664589861787,6418.584292010225,RELAY,Q3-R004,5.244256662004645
Q3-T021,3,service,6418.584292010225,6658.584292010225,RELAY,Q3-R004,5.244256662004645
Q3-T021,4,climb,6658.584292010225,6691.017377133923,RELAY,Q3-R004,5.244256662004645
Q3-T021,5,cruise,6691.017377133923,7091.648881872013,RELAY,Q3-R004,1.9241449636436414
Q3-T021,6,descent,7091.648881872013,7269.28858402045,DIRECT,,19.309794713723775
Q3-T013,0,climb,5936.0,6109.641655273437,DIRECT,,19.516948608572065
Q3-T013,1,cruise,6109.641655273437,6593.863503076743,RELAY,Q3-R004,1.923509777539266
Q3-T013,2,descent,6593.863503076743,6705.51557216854,RELAY,Q3-R004,5.955089759757172
Q3-T013,3,service,6705.51557216854,7065.51557216854,RELAY,Q3-R004,6.041544732119448
Q3-T013,4,climb,7065.51557216854,7154.837227441977,RELAY,Q3-R004,5.955089759757172
Q3-T013,5,cruise,7154.837227441977,7639.059075245283,RELAY,Q3-R004,1.923509777539266
Q3-T013,6,descent,7639.059075245283,7856.111144337079,DIRECT,,19.516948608572065
Q3-T024,0,climb,6604.543098275882,6652.995301645023,DIRECT,,29.895716894501703
Q3-T024,1,cruise,6652.995301645023,6856.5945484877975,DIRECT,,2.1546600046995934
Q3-T024,2,descent,6856.5945484877975,6892.217192530767,DIRECT,,2.1546600046995934
Q3-T024,3,service,6892.217192530767,7102.217192530767,DIRECT,,2.161357484438952
Q3-T024,4,climb,7102.217192530767,7131.90272923324,DIRECT,,2.1546600046995934
Q3-T024,5,cruise,7131.90272923324,7335.501976076015,DIRECT,,2.1546600046995934
Q3-T024,6,descent,7335.501976076015,7393.644620118984,DIRECT,,29.895716894501703
Q3-T025,0,climb,5999.838,6127.9290583496095,DIRECT,,20.630567787299057
Q3-T025,1,cruise,6127.9290583496095,6505.806391317288,RELAY,Q3-R004,1.9198217278885181
Q3-T025,2,descent,6505.806391317288,6571.195661336819,RELAY,Q3-R004,1.667687802936456
Q3-T025,3,service,6571.195661336819,6751.195661336819,RELAY,Q3-R004,1.667687802936456
Q3-T025,4,climb,6751.195661336819,6805.686719686429,RELAY,Q3-R004,1.667687802936456
Q3-T025,5,cruise,6805.686719686429,7183.564052654107,RELAY,Q3-R004,1.9198217278885181
Q3-T025,6,descent,7183.564052654107,7337.273322673639,DIRECT,,20.630567787299057
Q3-T022,0,climb,6130.0,6178.452203369141,DIRECT,,29.895716894501703
Q3-T022,1,cruise,6178.452203369141,6432.951261922609,DIRECT,,2.1546600046995934
Q3-T022,2,descent,6432.951261922609,6468.573905965578,DIRECT,,2.1546600046995934
Q3-T022,3,service,6468.573905965578,6648.573905965578,DIRECT,,2.161357484438952
Q3-T022,4,climb,6648.573905965578,6678.259442668052,DIRECT,,2.1546600046995934
Q3-T022,5,cruise,6678.259442668052,6932.7585012215195,DIRECT,,2.1546600046995934
Q3-T022,6,descent,6932.7585012215195,6990.901145264488,DIRECT,,29.895716894501703
Q3-T023,0,climb,9101.11114433708,9180.59549980583,DIRECT,,26.81584619676579
Q3-T023,1,cruise,9180.59549980583,9532.638279098914,RELAY,Q3-R005,1.8984883354364683
Q3-T023,2,descent,9532.638279098914,9598.343723434851,RELAY,Q3-R005,5.204454982840204
Q3-T023,3,service,9598.343723434851,9994.343723434851,RELAY,Q3-R005,5.290907678716408
Q3-T023,4,climb,9994.343723434851,10046.908078903602,RELAY,Q3-R005,5.204454982840204
Q3-T023,5,cruise,10046.908078903602,10150.0,RELAY,Q3-R005,5.252543161023354
Q3-T023,5,cruise,10150.0,10398.950858196686,DIRECT,,0.4052993229428665
Q3-T023,6,descent,10398.950858196686,10498.306302532623,DIRECT,,26.81584619676579
